nbmr_members_season,nmbr_members_previous_season,leak_rate,fk_type_unite,season
45,0,0.0,1,2023/2024
25,45,44.44,1,2024/2025
12,25,52.0,1,2025/2026
40,0,0.0,2,2023/2024
18,40,55.0,2,2024/2025
25,18,0.0,2,2025/2026
24,0,0.0,3,2023/2024
16,24,33.33,3,2024/2025
12,16,25.0,3,2025/2026
34,0,0.0,4,2023/2024
18,34,47.06,4,2024/2025
20,18,0.0,4,2025/2026
12,0,0.0,5,2023/2024
10,12,16.67,5,2024/2025
8,10,20.0,5,2025/2026
8,0,0.0,6,2023/2024
10,8,0.0,6,2024/2025
6,10,40.0,6,2025/2026
