fk_type_unite,season,season_year,nbmr_members_season
1,2023/2024,2023,45
1,2024/2025,2024,25
1,2025/2026,2025,12
2,2023/2024,2023,40
2,2024/2025,2024,18
2,2025/2026,2025,25
3,2023/2024,2023,24
3,2024/2025,2024,16
3,2025/2026,2025,12
4,2023/2024,2023,34
4,2024/2025,2024,18
4,2025/2026,2025,20
5,2023/2024,2023,12
5,2024/2025,2024,10
5,2025/2026,2025,8
6,2023/2024,2023,8
6,2024/2025,2024,10
6,2025/2026,2025,6
