fk_type_unite,nmbr_members_previous_season,season_year,nbmr_members_season
1,0,2023,45
1,45,2024,25
1,25,2025,12
2,0,2023,40
2,40,2024,18
2,18,2025,25
3,0,2023,24
3,24,2024,16
3,16,2025,12
4,0,2023,34
4,34,2024,18
4,18,2025,20
5,0,2023,12
5,12,2024,10
5,10,2025,8
6,0,2023,8
6,8,2024,10
6,10,2025,6
